num_lags,hidden_dim,num_layers,dropout,lr,epochs,class_threshold,batch_size,num_test_years,avg_accuracy,std_accuracy,avg_precision_0,avg_recall_0,avg_f1_0,avg_precision_1,avg_recall_1,avg_f1_1
60,32,3,0.0,0.0003,20,0.5,64,11,0.5425988459417782,0.039082378732802965,0.04011777695988222,0.09090909090909091,0.055669050051072526,0.502481068981896,0.9090909090909091,0.6469508227741886
60,32,3,0.0,0.0003,100,0.5,64,11,0.5396544219447227,0.03867096701514512,0.07730785960451032,0.10606060606060606,0.07720015052954142,0.5019262698790025,0.8920863309352517,0.6415518645527597
